"participant_lab_ID","session","condition","aperiodic_offset","aperiodic_exponent","aperiodic_knee","r_squared","fit_error","n_peaks","theta_adj","alpha_adj","beta_adj","specparam_iaf","theta_raw","alpha_raw","beta_raw"
1,2,"eyes_closed",1.07926108806335,1.65762647262868,NA,0.946278354324952,0.149238969059644,1,0,0,0.616905409846388,13,4.35034332667839,4.34898240220063,4.53613675702423
3,2,"eyes_closed",1.2241244158682,1.7705865182917,NA,0.840548198798497,0.353034562318243,1,0,1.52518758895089,0,9,12.3275386350473,33.434066537028,5.66446784418811
4,2,"eyes_closed",1.81008382344747,2.00992164747906,NA,0.792453965897369,0.455743285837409,1,0,2.07607189193773,0,10.5,19.3541890306736,163.275284684856,17.6769751325131
5,2,"eyes_closed",1.08082379475826,1.80848579307455,NA,0.648264373343045,0.510891593866709,1,0,1.69093673303661,0,11.5,2.98580869957939,26.4089907346758,7.15699851422308
10,2,"eyes_closed",1.17718942925533,1.64330541346957,NA,0.628994452039485,0.591665735824804,1,0,2.31644137198312,0,10,6.51493844112534,133.863707393742,18.4120699717981
11,2,"eyes_closed",0.811423267104368,1.49863119782651,NA,0.857610790814175,0.247663391513652,1,0,0.870017076578197,0,12.0383919333918,2.77570084785653,7.86932666943984,3.86698055421099
12,2,"eyes_closed",1.05008687055105,1.45198337045758,NA,0.94252134229347,0.123603687905107,1,0,0,0.507097623521531,NA,4.17224278787334,3.78820159374704,7.09547152968921
13,2,"eyes_closed",0.77858718563306,0.945096883252707,NA,0.835989681768226,0.194011368346577,1,0,1.16122071097491,0,10.6934731939919,3.8093259290142,28.1780555942353,11.0628178843799
14,2,"eyes_closed",0.99028067680998,1.6005836628037,NA,0.814365395171885,0.345158284570798,1,0,1.62500594777702,0,10.5931130553413,2.89132571602885,36.1959193686844,4.75932361991331
15,2,"eyes_closed",0.976156589406294,1.38933241217193,NA,0.827248352148909,0.265319603461187,1,0,0.686140789141823,0,10.5,7.69907864734882,10.4110648082484,9.29980252347575
16,2,"eyes_closed",1.0301766960616,1.70444053093767,NA,0.623330248630407,0.419197856801842,1,0,1.01959472401291,0,10.5,2.52897201837642,7.2877082049436,4.73436099171215
17,2,"eyes_closed",1.29275745205977,1.19334212895239,NA,0.932234294470356,0.131298348825412,1,0,0.755765728628323,0,9.04044163263191,17.077170635719,25.4468123183373,12.355048205003
18,2,"eyes_closed",0.767377935233481,1.51887734852628,NA,0.548377229511712,0.58393088094704,1,0,1.66702501325623,0,10,5.0299556633991,33.5629213111549,11.5440369187277
19,2,"eyes_closed",0.799758003056613,1.16988192619983,NA,0.86614453563739,0.201617227793398,1,0,0.982798874392343,0,9.16844216924993,6.25111150500321,16.1034581147928,5.82983543305567
20,2,"eyes_closed",0.882914121061976,1.15826373280107,NA,0.916556741285479,0.164617968218838,1,0,0,0.915155654843868,NA,4.29381648060739,17.6954140784142,15.9930552536705
21,2,"eyes_closed",0.709172476715566,1.22867651585097,NA,0.863344410215087,0.241170889911514,1,0,1.54798563218587,0,10.5210045247945,2.20100423494595,31.2032588263042,4.92058946975577
22,2,"eyes_closed",0.888822751065868,1.56752140749736,NA,0.80397468711075,0.373277065620471,1,0,1.74741305029765,0,10.3548101200489,2.79881709523656,45.8510737361501,4.66192665317695
23,2,"eyes_closed",0.840421259625044,1.46430833194483,NA,0.868104661699287,0.207496936772673,2,0.726248812801864,0,0.531854367641575,7.20517829430861,4.67780519351273,3.38405690446468,3.71630412275343
24,2,"eyes_closed",0.816207849564837,1.02024318387845,NA,0.709724761977982,0.348820983334915,1,0,1.72134475577134,0,10.9247333274542,3.70552405164679,92.5626502333885,18.4025072145425
25,2,"eyes_closed",1.50728317578192,1.83747681991313,NA,0.774164804206367,0.427701456138405,1,0,1.84075803159889,0,10.8877879799879,6.90582323339108,114.944511812891,9.90640229608701
26,2,"eyes_closed",1.58165953055458,1.77701342557648,NA,0.848741452651998,0.353750520864092,1,0,1.03501038296593,0,12.3179856060978,26.2035814449957,127.844295755879,18.7474948652372
27,2,"eyes_closed",1.52772378942428,1.91656861555198,NA,0.88243764588477,0.325623243001306,1,0,1.69917685376222,0,9.08687729655878,20.0461619682611,86.9919212332884,5.97750654049864
28,2,"eyes_closed",0.128853851479574,0.768650890691398,NA,0.854225455855243,0.162393445685517,1,0,0,0.697725151792254,NA,1.33287715619218,4.97511818855855,7.94238478181315
29,2,"eyes_closed",1.00706219904274,1.47865936792564,NA,0.888475909845675,0.22331991532994,1,0,0.861861534554976,0,11.8695291426384,4.31661794564739,14.4563308505106,5.78961212109609
30,2,"eyes_closed",1.5196931072588,1.86781420387494,NA,0.826218586715745,0.297127256227735,1,0,1.10009478870507,0,12.4195284301156,5.4181846429039,13.6219325970983,8.23525207131227
31,2,"eyes_closed",1.46837096232834,1.83193952274009,NA,0.79254451555435,0.371273457561436,1,0,1.27817020713282,0,11.0764350855316,5.41069753599242,38.0441420613258,8.42437688475584
32,2,"eyes_closed",1.20083736361605,1.68380222765677,NA,0.755652479413864,0.401128085731587,1,0,1.11834219548097,0,12.2683360046434,7.06044342072672,46.6810373614047,9.69830758078708
33,2,"eyes_closed",1.08399209055215,1.49230508201806,NA,0.787125449056157,0.349285476178053,1,0,1.779042618686,0,10.2623918916236,4.55473476980414,68.396098910651,7.67062853326339
34,2,"eyes_closed",1.24570398340401,1.53524376316224,NA,0.856862511625396,0.286224013447827,1,0,1.30072734191786,0,11.0986190576555,6.52416354180778,45.6681023060855,9.22408178704421
35,2,"eyes_closed",0.551134296565795,0.930182410134385,NA,0.877779541623112,0.188987297817906,1,0,1.30964656859899,0,11.2367877471035,3.16479697133142,26.795940117146,7.66790579178363
36,2,"eyes_closed",1.2616423637173,1.63117562458699,NA,0.868779796645606,0.288463393613524,1,0,1.6646597030288,0,8.7778692036396,10.6175690264806,58.3881478470352,6.16356551652757
37,2,"eyes_closed",1.30259440193776,1.98313926702077,NA,0.850240306652149,0.322727255766106,1,0,1.32480188507727,0,11.2131538225446,3.20700878134144,19.0461613725372,3.20758885755151
38,2,"eyes_closed",0.576687178451815,1.0134135737457,NA,0.879269395228114,0.155449257786514,1,0,1.0031814404013,0,9.55972130912326,2.55843203851755,8.95712758440478,4.43468085595091
39,2,"eyes_closed",1.92766910300807,2.0680643745001,NA,0.943883370911159,0.213641145287323,1,0,1.28921203472183,0,8.82184811364415,34.7045081644862,53.2810988099716,6.00223351073532
40,2,"eyes_closed",1.745457658219,2.00591129528785,NA,0.803655243004002,0.412135063934996,1,0,1.51929237048217,0,11,16.9080169688228,64.1930959714815,13.5258906002615
41,2,"eyes_closed",0.890702323552677,1.53816672598437,NA,0.963505705438905,0.0906556756994838,1,0,0,0.280078502615839,NA,2.31000203140194,1.29025909669714,2.26093434632663
42,2,"eyes_closed",1.03242216267932,1.32745563932272,NA,0.826259535407943,0.276323839506931,1,0,1.58526477715715,0,10.7815827003631,3.64747842302088,57.6181633525291,9.05426794175882
43,2,"eyes_closed",1.29444365493357,1.87608688558196,NA,0.642427389329279,0.589300626093994,1,0,1.75701150567666,0,9,11.2002571804575,68.3597538025503,11.7359108327149
44,2,"eyes_closed",1.48459346960516,1.97669239478735,NA,0.830313344592082,0.372943363034827,1,0,1.80644429006355,0,11.0487156584773,3.92314192578287,54.5688585598195,5.67989805447769
45,2,"eyes_closed",1.78703317879,2.0841627939259,NA,0.792724591016106,0.453251315886654,1,0,1.85130151169478,0,10.5,15.6546120111233,96.5209237245146,12.9373966043051
46,2,"eyes_closed",0.871922086441401,1.68299656667386,NA,0.901354707640094,0.259503936184475,2,0,1.79776153348989,1.04289798642751,11.5,3.09857985615141,24.2323910486099,8.6993023358577
47,2,"eyes_closed",1.07568831180919,1.40369729120713,NA,0.837219413872232,0.261151970686103,1,0,1.33947871529689,0,11.3629501569093,4.30976468060817,30.1246223684608,7.8875344608247
48,2,"eyes_closed",1.08099857682008,1.49327876401409,NA,0.856206667357385,0.210890636995535,1,0,1.00518529947294,0,11.1149965625887,3.20249412094033,6.74487532004811,4.44919023508165
49,2,"eyes_closed",1.31318497508209,1.76798815618416,NA,0.891721365240447,0.238173005470266,1,0,1.39211798852047,0,10.5996665090129,3.49259528155997,20.7096839673449,3.69111517180196
50,2,"eyes_closed",1.29001442199961,1.6545492770516,NA,0.879763757428211,0.280967942984325,1,0,1.47495843537104,0,10.8495050243484,8.4119012692524,55.9006386440951,6.8131773716018
51,2,"eyes_closed",1.92572021941978,1.88023015067145,NA,0.688815694969541,0.382343068833411,0,0,0,0,NA,8.79810718869642,7.82058762156369,11.4337173814968
52,2,"eyes_closed",1.59889161597686,1.58945224537595,NA,0.731644768377416,0.478579991328298,1,0,1.71431390608056,0,9,65.1567336355495,224.410388749163,37.6016932360849
53,2,"eyes_closed",0.83106878167731,1.39912979551063,NA,0.922748038780157,0.18432526860102,2,0,1.08260797946726,0.886061403139841,10,4.72548608041793,13.690655975413,11.4014449803843
54,2,"eyes_closed",1.10336609093782,1.67265301265107,NA,0.656014669889486,0.500927331139429,1,0,1.84222968607423,0,10.5,3.58153067300775,37.2500927235087,9.87442509611205
55,2,"eyes_closed",0.699188576348379,1.41829420338847,NA,0.602802867123261,0.451675909000062,1,0,1.38647726016236,0,11.5,2.99007852719632,13.327714764027,8.7260429903608
56,2,"eyes_closed",2.02799164968402,2.10358988103599,NA,0.792798882527353,0.462656670499795,1,0,1.99689115507266,0,10.5,36.3868996210866,184.839165904427,21.7183608747915
57,2,"eyes_closed",1.01688171510295,1.39211091493607,NA,0.551677669648614,0.475482136110373,1,0,1.55597166868623,0,11.5,5.32236162614791,34.2070868982034,16.6661484478078
58,2,"eyes_closed",1.09479076601577,1.72502631627592,NA,0.766960339544066,0.382203509880554,1,0,1.70093687885669,0,11,3.90321468226477,21.6580121632394,5.29414118742615
59,2,"eyes_closed",2.38285143674658,2.31871797376981,NA,0.793417737278337,0.476642798456708,1,0,1.4976363758619,0,9.53682606052989,41.6281057785278,177.645838632644,24.1776923081759
60,2,"eyes_closed",1.17670801021291,1.94308780032936,NA,0.756640306314265,0.459987808045662,1,0,1.47139687855075,0,9.81409793657563,5.43046549664887,26.1085504746804,4.00538889159676
61,2,"eyes_closed",1.02714716039268,1.33209896679897,NA,0.918442350655709,0.20668733715691,1,0,1.90390724693546,0,11.3024392110675,3.58505183027876,90.9859554896054,8.35329875514369
62,2,"eyes_closed",0.958636621699296,1.44426845733379,NA,0.837857016200624,0.271141525523191,1,0,0.939411038922602,0,12.4254503036384,4.11012318002769,18.4252224318476,8.51275346000105
63,2,"eyes_closed",1.01162182148254,1.66199330926643,NA,0.801731768350882,0.368662225049606,1,0,1.55037738595727,0,10,3.95093230324601,26.4269653928363,5.11216890026342
64,2,"eyes_closed",1.41615355256632,2.1474242276809,NA,0.873046563228591,0.342938874224378,1,0,1.3180190226339,0,12.4455984265101,4.97026127727048,19.9988020909889,7.08667008205166
65,2,"eyes_closed",1.22442227037529,1.86722348421173,NA,0.88724941900752,0.230673282996013,1,0,0,0.929889540260427,NA,2.79439728520072,4.86453185002986,6.45006215039613
