"prior","class","coef","group","resp","dpar","nlpar","lb","ub","tag","source","model"
"normal(0, 1)","b","","","","","","","","","user","p2_cognition_prepost_asrt_learning"
"","b","session_prepost","","","","","","","","default","p2_cognition_prepost_asrt_learning"
"normal(0, 1)","Intercept","","","","","","","","","user","p2_cognition_prepost_asrt_learning"
"student_t(3, 0, 2.5)","sd","","","","","","0","","","user","p2_cognition_prepost_asrt_learning"
"","sd","","participant_lab_ID","","","","","","","default","p2_cognition_prepost_asrt_learning"
"","sd","Intercept","participant_lab_ID","","","","","","","default","p2_cognition_prepost_asrt_learning"
"student_t(3, 0, 2.5)","sigma","","","","","","0","","","user","p2_cognition_prepost_asrt_learning"
"normal(0, 1)","b","","","","","","","","","user","p2_cognition_prepost_digit_span"
"","b","session_prepost","","","","","","","","default","p2_cognition_prepost_digit_span"
"normal(0, 1)","Intercept","","","","","","","","","user","p2_cognition_prepost_digit_span"
"student_t(3, 0, 2.5)","sd","","","","","","0","","","user","p2_cognition_prepost_digit_span"
"","sd","","participant_lab_ID","","","","","","","default","p2_cognition_prepost_digit_span"
"","sd","Intercept","participant_lab_ID","","","","","","","default","p2_cognition_prepost_digit_span"
"student_t(3, 0, 2.5)","sigma","","","","","","0","","","user","p2_cognition_prepost_digit_span"
"normal(0, 1)","b","","","","","","","","","user","p2_cognition_prepost_joint"
"","b","measureasrt_learning","","","","","","","","default","p2_cognition_prepost_joint"
"","b","measurestroop_interference","","","","","","","","default","p2_cognition_prepost_joint"
"","b","session_prepost","","","","","","","","default","p2_cognition_prepost_joint"
"","b","session_prepost:measureasrt_learning","","","","","","","","default","p2_cognition_prepost_joint"
"","b","session_prepost:measurestroop_interference","","","","","","","","default","p2_cognition_prepost_joint"
"normal(0, 1)","Intercept","","","","","","","","","user","p2_cognition_prepost_joint"
"lkj_corr_cholesky(2)","L","","","","","","","","","user","p2_cognition_prepost_joint"
"","L","","participant_lab_ID","","","","","","","default","p2_cognition_prepost_joint"
"student_t(3, 0, 2.5)","sd","","","","","","0","","","user","p2_cognition_prepost_joint"
"","sd","","participant_lab_ID","","","","","","","default","p2_cognition_prepost_joint"
"","sd","Intercept","participant_lab_ID","","","","","","","default","p2_cognition_prepost_joint"
"","sd","session_prepost","participant_lab_ID","","","","","","","default","p2_cognition_prepost_joint"
"student_t(3, 0, 2.5)","sigma","","","","","","0","","","user","p2_cognition_prepost_joint"
"normal(0, 1)","b","","","","","","","","","user","p2_cognition_prepost_joint_signaligned"
"","b","measureasrt_learning","","","","","","","","default","p2_cognition_prepost_joint_signaligned"
"","b","measurestroop_interference","","","","","","","","default","p2_cognition_prepost_joint_signaligned"
"","b","session_prepost","","","","","","","","default","p2_cognition_prepost_joint_signaligned"
"","b","session_prepost:measureasrt_learning","","","","","","","","default","p2_cognition_prepost_joint_signaligned"
"","b","session_prepost:measurestroop_interference","","","","","","","","default","p2_cognition_prepost_joint_signaligned"
"normal(0, 1)","Intercept","","","","","","","","","user","p2_cognition_prepost_joint_signaligned"
"lkj_corr_cholesky(2)","L","","","","","","","","","user","p2_cognition_prepost_joint_signaligned"
"","L","","participant_lab_ID","","","","","","","default","p2_cognition_prepost_joint_signaligned"
"student_t(3, 0, 2.5)","sd","","","","","","0","","","user","p2_cognition_prepost_joint_signaligned"
"","sd","","participant_lab_ID","","","","","","","default","p2_cognition_prepost_joint_signaligned"
"","sd","Intercept","participant_lab_ID","","","","","","","default","p2_cognition_prepost_joint_signaligned"
"","sd","session_prepost","participant_lab_ID","","","","","","","default","p2_cognition_prepost_joint_signaligned"
"student_t(3, 0, 2.5)","sigma","","","","","","0","","","user","p2_cognition_prepost_joint_signaligned"
"normal(0, 1)","b","","","","","","","","","user","p2_cognition_prepost_stroop_interference"
"","b","session_prepost","","","","","","","","default","p2_cognition_prepost_stroop_interference"
"normal(0, 1)","Intercept","","","","","","","","","user","p2_cognition_prepost_stroop_interference"
"student_t(3, 0, 2.5)","sd","","","","","","0","","","user","p2_cognition_prepost_stroop_interference"
"","sd","","participant_lab_ID","","","","","","","default","p2_cognition_prepost_stroop_interference"
"","sd","Intercept","participant_lab_ID","","","","","","","default","p2_cognition_prepost_stroop_interference"
"student_t(3, 0, 2.5)","sigma","","","","","","0","","","user","p2_cognition_prepost_stroop_interference"
"normal(0, 1)","b","","","","","","","","","user","p2_predictive_trajectory_aperiodic"
"","b","grammatical_propertygender_agreement","","","","","","","","default","p2_predictive_trajectory_aperiodic"
"","b","grammatical_propertyverb_object_number_agreement","","","","","","","","default","p2_predictive_trajectory_aperiodic"
"normal(0, 0.25)","b","z_alpha_adj","","","","","","","","user","p2_predictive_trajectory_aperiodic"
"normal(0, 0.25)","b","z_aperiodic_exponent","","","","","","","","user","p2_predictive_trajectory_aperiodic"
"normal(0, 0.25)","b","z_aperiodic_offset","","","","","","","","user","p2_predictive_trajectory_aperiodic"
"normal(0.1, 0.2)","b","z_asrt","","","","","","","","user","p2_predictive_trajectory_aperiodic"
"normal(0, 0.25)","b","z_beta_adj","","","","","","","","user","p2_predictive_trajectory_aperiodic"
"normal(0.1, 0.25)","b","z_digit_span","","","","","","","","user","p2_predictive_trajectory_aperiodic"
"","b","z_session_time","","","","","","","","default","p2_predictive_trajectory_aperiodic"
"","b","z_session_time:grammatical_propertygender_agreement","","","","","","","","default","p2_predictive_trajectory_aperiodic"
"","b","z_session_time:grammatical_propertyverb_object_number_agreement","","","","","","","","default","p2_predictive_trajectory_aperiodic"
"normal(0, 0.15)","b","z_session_time:z_alpha_adj","","","","","","","","user","p2_predictive_trajectory_aperiodic"
"normal(0, 0.15)","b","z_session_time:z_aperiodic_exponent","","","","","","","","user","p2_predictive_trajectory_aperiodic"
"normal(0, 0.15)","b","z_session_time:z_aperiodic_offset","","","","","","","","user","p2_predictive_trajectory_aperiodic"
"normal(0.05, 0.15)","b","z_session_time:z_asrt","","","","","","","","user","p2_predictive_trajectory_aperiodic"
"normal(0, 0.15)","b","z_session_time:z_beta_adj","","","","","","","","user","p2_predictive_trajectory_aperiodic"
"normal(0.05, 0.15)","b","z_session_time:z_digit_span","","","","","","","","user","p2_predictive_trajectory_aperiodic"
"normal(0, 0.15)","b","z_session_time:z_specparam_iaf","","","","","","","","user","p2_predictive_trajectory_aperiodic"
"normal(0, 0.1)","b","z_session_time:z_stroop","","","","","","","","user","p2_predictive_trajectory_aperiodic"
"normal(0, 0.15)","b","z_session_time:z_theta_adj","","","","","","","","user","p2_predictive_trajectory_aperiodic"
"normal(0, 0.25)","b","z_specparam_iaf","","","","","","","","user","p2_predictive_trajectory_aperiodic"
"normal(0, 0.15)","b","z_stroop","","","","","","","","user","p2_predictive_trajectory_aperiodic"
"normal(0, 0.25)","b","z_theta_adj","","","","","","","","user","p2_predictive_trajectory_aperiodic"
"normal(1, 1)","Intercept","","","","","","","","","user","p2_predictive_trajectory_aperiodic"
"lkj_corr_cholesky(2)","L","","","","","","","","","user","p2_predictive_trajectory_aperiodic"
"","L","","participant_lab_ID","","","","","","","default","p2_predictive_trajectory_aperiodic"
"student_t(3, 0, 2.5)","sd","","","","","","0","","","user","p2_predictive_trajectory_aperiodic"
"","sd","","participant_lab_ID","","","","","","","default","p2_predictive_trajectory_aperiodic"
"","sd","Intercept","participant_lab_ID","","","","","","","default","p2_predictive_trajectory_aperiodic"
"","sd","z_session_time","participant_lab_ID","","","","","","","default","p2_predictive_trajectory_aperiodic"
"normal(0, 1)","b","","","","","","","","","user","p2_predictive_trajectory_aperiodic_gender"
"normal(0, 0.25)","b","z_alpha_adj","","","","","","","","user","p2_predictive_trajectory_aperiodic_gender"
"normal(0, 0.25)","b","z_aperiodic_exponent","","","","","","","","user","p2_predictive_trajectory_aperiodic_gender"
"normal(0, 0.25)","b","z_aperiodic_offset","","","","","","","","user","p2_predictive_trajectory_aperiodic_gender"
"normal(0.1, 0.2)","b","z_asrt","","","","","","","","user","p2_predictive_trajectory_aperiodic_gender"
"normal(0, 0.25)","b","z_beta_adj","","","","","","","","user","p2_predictive_trajectory_aperiodic_gender"
"normal(0.1, 0.25)","b","z_digit_span","","","","","","","","user","p2_predictive_trajectory_aperiodic_gender"
"","b","z_session_time","","","","","","","","default","p2_predictive_trajectory_aperiodic_gender"
"normal(0, 0.15)","b","z_session_time:z_alpha_adj","","","","","","","","user","p2_predictive_trajectory_aperiodic_gender"
"normal(0, 0.15)","b","z_session_time:z_aperiodic_exponent","","","","","","","","user","p2_predictive_trajectory_aperiodic_gender"
"normal(0, 0.15)","b","z_session_time:z_aperiodic_offset","","","","","","","","user","p2_predictive_trajectory_aperiodic_gender"
"normal(0.05, 0.15)","b","z_session_time:z_asrt","","","","","","","","user","p2_predictive_trajectory_aperiodic_gender"
"normal(0, 0.15)","b","z_session_time:z_beta_adj","","","","","","","","user","p2_predictive_trajectory_aperiodic_gender"
"normal(0.05, 0.15)","b","z_session_time:z_digit_span","","","","","","","","user","p2_predictive_trajectory_aperiodic_gender"
"normal(0, 0.15)","b","z_session_time:z_specparam_iaf","","","","","","","","user","p2_predictive_trajectory_aperiodic_gender"
"normal(0, 0.1)","b","z_session_time:z_stroop","","","","","","","","user","p2_predictive_trajectory_aperiodic_gender"
"normal(0, 0.15)","b","z_session_time:z_theta_adj","","","","","","","","user","p2_predictive_trajectory_aperiodic_gender"
"normal(0, 0.25)","b","z_specparam_iaf","","","","","","","","user","p2_predictive_trajectory_aperiodic_gender"
"normal(0, 0.15)","b","z_stroop","","","","","","","","user","p2_predictive_trajectory_aperiodic_gender"
"normal(0, 0.25)","b","z_theta_adj","","","","","","","","user","p2_predictive_trajectory_aperiodic_gender"
"normal(1, 1)","Intercept","","","","","","","","","user","p2_predictive_trajectory_aperiodic_gender"
"lkj_corr_cholesky(2)","L","","","","","","","","","user","p2_predictive_trajectory_aperiodic_gender"
"","L","","participant_lab_ID","","","","","","","default","p2_predictive_trajectory_aperiodic_gender"
"student_t(3, 0, 2.5)","sd","","","","","","0","","","user","p2_predictive_trajectory_aperiodic_gender"
"","sd","","participant_lab_ID","","","","","","","default","p2_predictive_trajectory_aperiodic_gender"
"","sd","Intercept","participant_lab_ID","","","","","","","default","p2_predictive_trajectory_aperiodic_gender"
"","sd","z_session_time","participant_lab_ID","","","","","","","default","p2_predictive_trajectory_aperiodic_gender"
"normal(0, 1)","b","","","","","","","","","user","p2_predictive_trajectory"
"","b","grammatical_propertygender_agreement","","","","","","","","default","p2_predictive_trajectory"
"","b","grammatical_propertyverb_object_number_agreement","","","","","","","","default","p2_predictive_trajectory"
"normal(0, 0.25)","b","z_alpha","","","","","","","","user","p2_predictive_trajectory"
"normal(0.1, 0.2)","b","z_asrt","","","","","","","","user","p2_predictive_trajectory"
"normal(0, 0.25)","b","z_beta","","","","","","","","user","p2_predictive_trajectory"
"normal(0, 0.25)","b","z_delta","","","","","","","","user","p2_predictive_trajectory"
"normal(0.1, 0.25)","b","z_digit_span","","","","","","","","user","p2_predictive_trajectory"
"normal(0, 0.25)","b","z_gamma","","","","","","","","user","p2_predictive_trajectory"
"normal(0, 0.25)","b","z_iaf","","","","","","","","user","p2_predictive_trajectory"
"","b","z_session_time","","","","","","","","default","p2_predictive_trajectory"
"","b","z_session_time:grammatical_propertygender_agreement","","","","","","","","default","p2_predictive_trajectory"
"","b","z_session_time:grammatical_propertyverb_object_number_agreement","","","","","","","","default","p2_predictive_trajectory"
"normal(0, 0.15)","b","z_session_time:z_alpha","","","","","","","","user","p2_predictive_trajectory"
"normal(0.05, 0.15)","b","z_session_time:z_asrt","","","","","","","","user","p2_predictive_trajectory"
"normal(0, 0.15)","b","z_session_time:z_beta","","","","","","","","user","p2_predictive_trajectory"
"normal(0, 0.15)","b","z_session_time:z_delta","","","","","","","","user","p2_predictive_trajectory"
"normal(0.05, 0.15)","b","z_session_time:z_digit_span","","","","","","","","user","p2_predictive_trajectory"
"normal(0, 0.15)","b","z_session_time:z_gamma","","","","","","","","user","p2_predictive_trajectory"
"normal(0, 0.15)","b","z_session_time:z_iaf","","","","","","","","user","p2_predictive_trajectory"
"normal(0, 0.1)","b","z_session_time:z_stroop","","","","","","","","user","p2_predictive_trajectory"
"normal(0, 0.15)","b","z_session_time:z_theta","","","","","","","","user","p2_predictive_trajectory"
"normal(0, 0.15)","b","z_stroop","","","","","","","","user","p2_predictive_trajectory"
"normal(0, 0.25)","b","z_theta","","","","","","","","user","p2_predictive_trajectory"
"normal(1, 1)","Intercept","","","","","","","","","user","p2_predictive_trajectory"
"lkj_corr_cholesky(2)","L","","","","","","","","","user","p2_predictive_trajectory"
"","L","","participant_lab_ID","","","","","","","default","p2_predictive_trajectory"
"student_t(3, 0, 2.5)","sd","","","","","","0","","","user","p2_predictive_trajectory"
"","sd","","participant_lab_ID","","","","","","","default","p2_predictive_trajectory"
"","sd","Intercept","participant_lab_ID","","","","","","","default","p2_predictive_trajectory"
"","sd","z_session_time","participant_lab_ID","","","","","","","default","p2_predictive_trajectory"
"normal(0, 1)","b","","","","","","","","","user","p2_predictive_trajectory_gender"
"normal(0, 0.25)","b","z_alpha","","","","","","","","user","p2_predictive_trajectory_gender"
"normal(0.1, 0.2)","b","z_asrt","","","","","","","","user","p2_predictive_trajectory_gender"
"normal(0, 0.25)","b","z_beta","","","","","","","","user","p2_predictive_trajectory_gender"
"normal(0, 0.25)","b","z_delta","","","","","","","","user","p2_predictive_trajectory_gender"
"normal(0.1, 0.25)","b","z_digit_span","","","","","","","","user","p2_predictive_trajectory_gender"
"normal(0, 0.25)","b","z_gamma","","","","","","","","user","p2_predictive_trajectory_gender"
"normal(0, 0.25)","b","z_iaf","","","","","","","","user","p2_predictive_trajectory_gender"
"","b","z_session_time","","","","","","","","default","p2_predictive_trajectory_gender"
"normal(0, 0.15)","b","z_session_time:z_alpha","","","","","","","","user","p2_predictive_trajectory_gender"
"normal(0.05, 0.15)","b","z_session_time:z_asrt","","","","","","","","user","p2_predictive_trajectory_gender"
"normal(0, 0.15)","b","z_session_time:z_beta","","","","","","","","user","p2_predictive_trajectory_gender"
"normal(0, 0.15)","b","z_session_time:z_delta","","","","","","","","user","p2_predictive_trajectory_gender"
"normal(0.05, 0.15)","b","z_session_time:z_digit_span","","","","","","","","user","p2_predictive_trajectory_gender"
"normal(0, 0.15)","b","z_session_time:z_gamma","","","","","","","","user","p2_predictive_trajectory_gender"
"normal(0, 0.15)","b","z_session_time:z_iaf","","","","","","","","user","p2_predictive_trajectory_gender"
"normal(0, 0.1)","b","z_session_time:z_stroop","","","","","","","","user","p2_predictive_trajectory_gender"
"normal(0, 0.15)","b","z_session_time:z_theta","","","","","","","","user","p2_predictive_trajectory_gender"
"normal(0, 0.15)","b","z_stroop","","","","","","","","user","p2_predictive_trajectory_gender"
"normal(0, 0.25)","b","z_theta","","","","","","","","user","p2_predictive_trajectory_gender"
"normal(1, 1)","Intercept","","","","","","","","","user","p2_predictive_trajectory_gender"
"lkj_corr_cholesky(2)","L","","","","","","","","","user","p2_predictive_trajectory_gender"
"","L","","participant_lab_ID","","","","","","","default","p2_predictive_trajectory_gender"
"student_t(3, 0, 2.5)","sd","","","","","","0","","","user","p2_predictive_trajectory_gender"
"","sd","","participant_lab_ID","","","","","","","default","p2_predictive_trajectory_gender"
"","sd","Intercept","participant_lab_ID","","","","","","","default","p2_predictive_trajectory_gender"
"","sd","z_session_time","participant_lab_ID","","","","","","","default","p2_predictive_trajectory_gender"
"normal(0, 1.5)","b","","","","","","","","","user","p2_predictive_trajectory_gender_weakprior"
"","b","z_alpha","","","","","","","","default","p2_predictive_trajectory_gender_weakprior"
"","b","z_asrt","","","","","","","","default","p2_predictive_trajectory_gender_weakprior"
"","b","z_beta","","","","","","","","default","p2_predictive_trajectory_gender_weakprior"
"","b","z_delta","","","","","","","","default","p2_predictive_trajectory_gender_weakprior"
"","b","z_digit_span","","","","","","","","default","p2_predictive_trajectory_gender_weakprior"
"","b","z_gamma","","","","","","","","default","p2_predictive_trajectory_gender_weakprior"
"","b","z_iaf","","","","","","","","default","p2_predictive_trajectory_gender_weakprior"
"","b","z_session_time","","","","","","","","default","p2_predictive_trajectory_gender_weakprior"
"","b","z_session_time:z_alpha","","","","","","","","default","p2_predictive_trajectory_gender_weakprior"
"","b","z_session_time:z_asrt","","","","","","","","default","p2_predictive_trajectory_gender_weakprior"
"","b","z_session_time:z_beta","","","","","","","","default","p2_predictive_trajectory_gender_weakprior"
"","b","z_session_time:z_delta","","","","","","","","default","p2_predictive_trajectory_gender_weakprior"
"","b","z_session_time:z_digit_span","","","","","","","","default","p2_predictive_trajectory_gender_weakprior"
"","b","z_session_time:z_gamma","","","","","","","","default","p2_predictive_trajectory_gender_weakprior"
"","b","z_session_time:z_iaf","","","","","","","","default","p2_predictive_trajectory_gender_weakprior"
"","b","z_session_time:z_stroop","","","","","","","","default","p2_predictive_trajectory_gender_weakprior"
"","b","z_session_time:z_theta","","","","","","","","default","p2_predictive_trajectory_gender_weakprior"
"","b","z_stroop","","","","","","","","default","p2_predictive_trajectory_gender_weakprior"
"","b","z_theta","","","","","","","","default","p2_predictive_trajectory_gender_weakprior"
"normal(0, 1.5)","Intercept","","","","","","","","","user","p2_predictive_trajectory_gender_weakprior"
"lkj_corr_cholesky(2)","L","","","","","","","","","user","p2_predictive_trajectory_gender_weakprior"
"","L","","participant_lab_ID","","","","","","","default","p2_predictive_trajectory_gender_weakprior"
"student_t(3, 0, 2.5)","sd","","","","","","0","","","user","p2_predictive_trajectory_gender_weakprior"
"","sd","","participant_lab_ID","","","","","","","default","p2_predictive_trajectory_gender_weakprior"
"","sd","Intercept","participant_lab_ID","","","","","","","default","p2_predictive_trajectory_gender_weakprior"
"","sd","z_session_time","participant_lab_ID","","","","","","","default","p2_predictive_trajectory_gender_weakprior"
"normal(0, 1.5)","b","","","","","","","","","user","p2_predictive_trajectory_weakprior"
"","b","grammatical_propertygender_agreement","","","","","","","","default","p2_predictive_trajectory_weakprior"
"","b","grammatical_propertyverb_object_number_agreement","","","","","","","","default","p2_predictive_trajectory_weakprior"
"","b","z_alpha","","","","","","","","default","p2_predictive_trajectory_weakprior"
"","b","z_asrt","","","","","","","","default","p2_predictive_trajectory_weakprior"
"","b","z_beta","","","","","","","","default","p2_predictive_trajectory_weakprior"
"","b","z_delta","","","","","","","","default","p2_predictive_trajectory_weakprior"
"","b","z_digit_span","","","","","","","","default","p2_predictive_trajectory_weakprior"
"","b","z_gamma","","","","","","","","default","p2_predictive_trajectory_weakprior"
"","b","z_iaf","","","","","","","","default","p2_predictive_trajectory_weakprior"
"","b","z_session_time","","","","","","","","default","p2_predictive_trajectory_weakprior"
"","b","z_session_time:grammatical_propertygender_agreement","","","","","","","","default","p2_predictive_trajectory_weakprior"
"","b","z_session_time:grammatical_propertyverb_object_number_agreement","","","","","","","","default","p2_predictive_trajectory_weakprior"
"","b","z_session_time:z_alpha","","","","","","","","default","p2_predictive_trajectory_weakprior"
"","b","z_session_time:z_asrt","","","","","","","","default","p2_predictive_trajectory_weakprior"
"","b","z_session_time:z_beta","","","","","","","","default","p2_predictive_trajectory_weakprior"
"","b","z_session_time:z_delta","","","","","","","","default","p2_predictive_trajectory_weakprior"
"","b","z_session_time:z_digit_span","","","","","","","","default","p2_predictive_trajectory_weakprior"
"","b","z_session_time:z_gamma","","","","","","","","default","p2_predictive_trajectory_weakprior"
"","b","z_session_time:z_iaf","","","","","","","","default","p2_predictive_trajectory_weakprior"
"","b","z_session_time:z_stroop","","","","","","","","default","p2_predictive_trajectory_weakprior"
"","b","z_session_time:z_theta","","","","","","","","default","p2_predictive_trajectory_weakprior"
"","b","z_stroop","","","","","","","","default","p2_predictive_trajectory_weakprior"
"","b","z_theta","","","","","","","","default","p2_predictive_trajectory_weakprior"
"normal(0, 1.5)","Intercept","","","","","","","","","user","p2_predictive_trajectory_weakprior"
"lkj_corr_cholesky(2)","L","","","","","","","","","user","p2_predictive_trajectory_weakprior"
"","L","","participant_lab_ID","","","","","","","default","p2_predictive_trajectory_weakprior"
"student_t(3, 0, 2.5)","sd","","","","","","0","","","user","p2_predictive_trajectory_weakprior"
"","sd","","participant_lab_ID","","","","","","","default","p2_predictive_trajectory_weakprior"
"","sd","Intercept","participant_lab_ID","","","","","","","default","p2_predictive_trajectory_weakprior"
"","sd","z_session_time","participant_lab_ID","","","","","","","default","p2_predictive_trajectory_weakprior"
