participant_home_ID,session,task,duration_min,n_events,participant_lab_ID,language
ahsw7,1,stroop,5.505866666666667,120,24,Mini-Norwegian
awfh6,1,stroop,5.588466666666666,237,56,Mini-Norwegian
bder6,1,stroop,4.851483333333333,237,40,Mini-Norwegian
bdjk0,1,stroop,5.2853666666666665,237,46,Mini-Norwegian
cgju5,1,stroop,8.368316666666667,210,34,Mini-Norwegian
chkk1,1,stroop,13.1369,237,41,Mini-English
crar9,1,stroop,4.44875,237,10,Mini-Norwegian
dbrb5,1,stroop,6.021233333333333,237,23,Mini-English
dzyb1,1,stroop,4.1386666666666665,237,54,Mini-Norwegian
exdq7,1,stroop,3.767316666666667,237,9,Mini-English
ezje7,1,stroop,5.147683333333333,237,13,Mini-English
finc3,1,stroop,4.944066666666667,237,14,Mini-Norwegian
fkft1,1,stroop,5.982083333333334,237,43,Mini-English
fqrf6,1,stroop,4.88385,237,12,Mini-Norwegian
fwma9,1,stroop,5.408133333333334,237,39,Mini-English
gjop6,1,stroop,4.0147,237,32,Mini-Norwegian
gxac7,1,stroop,3.9164666666666665,237,15,Mini-English
hcqa8,1,stroop,4.1991,237,8,Mini-Norwegian
hymj4,1,stroop,3.9768666666666665,237,37,Mini-English
idyh6,1,stroop,5.47145,237,38,Mini-Norwegian
jlos1,1,stroop,4.7381166666666665,237,55,Mini-English
jpxp4,1,stroop,9.887983333333333,237,6,Mini-Norwegian
kixs9,1,stroop,5.489983333333333,237,48,Mini-Norwegian
ksjo8,1,stroop,4.48395,237,17,Mini-English
kvrn1,1,stroop,3.8987,237,44,Mini-Norwegian
kwly7,1,stroop,4.5419833333333335,237,60,Mini-Norwegian
ltsl3,1,stroop,32.1984,238,18,Mini-Norwegian
mhbu4,1,stroop,3.4160166666666667,237,59,Mini-English
monr7,1,stroop,3.7566,237,45,Mini-English
mrbf1,1,stroop,3.7680666666666665,237,33,Mini-English
mtjw7,1,stroop,5.0252,237,57,Mini-English
mvse0,1,stroop,3.7013666666666665,237,52,Mini-Norwegian
noyy6,1,stroop,4.516966666666667,237,25,Mini-English
pwck3,1,stroop,4.3768,191,50,Mini-Norwegian
qdvg4,1,stroop,4.28025,237,7,Mini-English
qgsl9,1,stroop,4.210166666666667,237,4,Mini-Norwegian
qlhb2,1,stroop,3.5012,223,27,Mini-English
rlgy8,1,stroop,5.80965,237,28,Mini-Norwegian
rodf4,1,stroop,4.707533333333333,237,58,Mini-Norwegian
rqed8,1,stroop,4.2629166666666665,233,2,Mini-Norwegian
rsnb6,1,stroop,5.76395,237,65,Mini-English
rvax5,1,stroop,3.829833333333333,237,16,Mini-Norwegian
sjnh6,1,stroop,7.198133333333334,237,49,Mini-English
swbd5,1,stroop,3.8375833333333333,237,47,Mini-English
sxhv6,1,stroop,5.043333333333333,227,53,Mini-English
trpu0,1,stroop,3.1513333333333335,237,51,Mini-English
uicn9,1,stroop,3.7777833333333333,237,35,Mini-English
usjs8,1,stroop,4.365783333333333,237,29,Mini-English
uwfo3,1,stroop,3.8693833333333334,237,61,Mini-English
uyxx3,1,stroop,4.05155,237,11,Mini-English
wbij5,1,stroop,10.036166666666666,237,20,Mini-Norwegian
wjob1,1,stroop,3.6504666666666665,237,22,Mini-Norwegian
xqls8,1,stroop,3.57225,237,3,Mini-English
ymoq6,1,stroop,4.438633333333334,237,62,Mini-Norwegian
yozx4,1,stroop,7.170833333333333,237,30,Mini-Norwegian
yzud1,1,stroop,5.222683333333333,237,42,Mini-Norwegian
zhao8,1,stroop,2.674716666666667,237,26,Mini-Norwegian
zkmg5,1,stroop,4.2065,237,64,Mini-Norwegian
zllv8,1,stroop,3.7403833333333334,237,31,Mini-English
ztwr3,1,stroop,4.1274,237,21,Mini-English
zuff1,1,stroop,5.074316666666666,237,36,Mini-Norwegian
zuwa4,1,stroop,3.88165,237,19,Mini-English
zygb0,1,stroop,5.710633333333333,237,63,Mini-English
ahsw7,1,digit_span,14.458816666666667,375,24,Mini-Norwegian
awfh6,1,digit_span,13.074516666666666,588,56,Mini-Norwegian
bder6,1,digit_span,10.4204,583,40,Mini-Norwegian
bdjk0,1,digit_span,11.340566666666666,577,46,Mini-Norwegian
cgju5,1,digit_span,14.007666666666667,584,34,Mini-Norwegian
chkk1,1,digit_span,12.487983333333334,563,41,Mini-English
crar9,1,digit_span,11.9916,583,10,Mini-Norwegian
dbrb5,1,digit_span,12.292883333333334,585,23,Mini-English
dzyb1,1,digit_span,9.91685,583,54,Mini-Norwegian
exdq7,1,digit_span,10.96655,585,9,Mini-English
ezje7,1,digit_span,10.45365,584,13,Mini-English
finc3,1,digit_span,9.205683333333333,583,14,Mini-Norwegian
fkft1,1,digit_span,9.51025,583,43,Mini-English
fqrf6,1,digit_span,12.848566666666667,589,12,Mini-Norwegian
fwma9,1,digit_span,11.89745,586,39,Mini-English
gjop6,1,digit_span,12.942783333333333,583,32,Mini-Norwegian
gxac7,1,digit_span,11.43,581,15,Mini-English
hcqa8,1,digit_span,13.57145,592,8,Mini-Norwegian
hymj4,1,digit_span,12.541516666666666,585,37,Mini-English
idyh6,1,digit_span,14.8088,584,38,Mini-Norwegian
jlos1,1,digit_span,11.4889,586,55,Mini-English
jpxp4,1,digit_span,11.715233333333334,577,6,Mini-Norwegian
kixs9,1,digit_span,13.422616666666666,586,48,Mini-Norwegian
ksjo8,1,digit_span,13.8007,584,17,Mini-English
kvrn1,1,digit_span,11.553466666666667,583,44,Mini-Norwegian
kwly7,1,digit_span,10.990566666666666,583,60,Mini-Norwegian
ltsl3,1,digit_span,11.760133333333334,585,18,Mini-Norwegian
mhbu4,1,digit_span,13.991133333333334,596,59,Mini-English
monr7,1,digit_span,10.941983333333333,584,45,Mini-English
mrbf1,1,digit_span,10.0434,583,33,Mini-English
mtjw7,1,digit_span,10.8012,577,57,Mini-English
mvse0,1,digit_span,11.293183333333333,583,52,Mini-Norwegian
noyy6,1,digit_span,11.74565,585,25,Mini-English
pwck3,1,digit_span,13.909216666666667,588,50,Mini-Norwegian
qdvg4,1,digit_span,11.072816666666666,583,7,Mini-English
qgsl9,1,digit_span,12.298983333333334,584,4,Mini-Norwegian
qlhb2,1,digit_span,12.448366666666667,582,27,Mini-English
rlgy8,1,digit_span,12.0402,586,28,Mini-Norwegian
rodf4,1,digit_span,14.4303,599,58,Mini-Norwegian
rqed8,1,digit_span,11.18385,584,2,Mini-Norwegian
rsnb6,1,digit_span,11.467533333333334,582,65,Mini-English
rvax5,1,digit_span,12.163516666666666,583,16,Mini-Norwegian
sjnh6,1,digit_span,17.487716666666667,585,49,Mini-English
swbd5,1,digit_span,10.92665,584,47,Mini-English
sxhv6,1,digit_span,12.022933333333333,580,53,Mini-English
trpu0,1,digit_span,9.48525,583,51,Mini-English
uicn9,1,digit_span,10.286516666666667,583,35,Mini-English
usjs8,1,digit_span,11.60375,587,29,Mini-English
uwfo3,1,digit_span,12.401966666666667,588,61,Mini-English
uyxx3,1,digit_span,11.681116666666666,583,11,Mini-English
wbij5,1,digit_span,9.074016666666667,584,20,Mini-Norwegian
wjob1,1,digit_span,12.911016666666667,583,22,Mini-Norwegian
xqls8,1,digit_span,13.056116666666666,589,3,Mini-English
ymoq6,1,digit_span,13.157783333333333,585,62,Mini-Norwegian
yozx4,1,digit_span,13.826566666666666,592,30,Mini-Norwegian
yzud1,1,digit_span,11.980466666666667,585,42,Mini-Norwegian
zhao8,1,digit_span,10.055016666666667,584,26,Mini-Norwegian
zkmg5,1,digit_span,12.510316666666666,585,64,Mini-Norwegian
zllv8,1,digit_span,12.825816666666666,585,31,Mini-English
ztwr3,1,digit_span,12.718766666666667,589,21,Mini-English
zuff1,1,digit_span,10.341,583,36,Mini-Norwegian
zuwa4,1,digit_span,10.612283333333334,584,19,Mini-English
zygb0,1,digit_span,14.13425,586,63,Mini-English
ahsw7,1,asrt,81.90976666666667,2181,24,Mini-Norwegian
awfh6,1,asrt,40.312533333333334,2508,56,Mini-Norwegian
bder6,1,asrt,34.46196666666667,2658,40,Mini-Norwegian
bdjk0,1,asrt,40.126083333333334,2780,46,Mini-Norwegian
cgju5,1,asrt,60.333983333333336,3084,34,Mini-Norwegian
chkk1,1,asrt,36.97045,2369,41,Mini-English
crar9,1,asrt,36.8665,2311,10,Mini-Norwegian
dbrb5,1,asrt,49.210816666666666,2852,23,Mini-English
dzyb1,1,asrt,78.89501666666666,4576,54,Mini-Norwegian
exdq7,1,asrt,36.127116666666666,2401,9,Mini-English
ezje7,1,asrt,35.82615,2365,13,Mini-English
finc3,1,asrt,37.358466666666665,2452,14,Mini-Norwegian
fkft1,1,asrt,57.208466666666666,3370,43,Mini-English
fqrf6,1,asrt,34.92601666666667,2411,12,Mini-Norwegian
fwma9,1,asrt,34.93765,2455,39,Mini-English
gjop6,1,asrt,36.80175,2371,32,Mini-Norwegian
gxac7,1,asrt,36.2672,2454,15,Mini-English
hcqa8,1,asrt,38.311816666666665,2444,8,Mini-Norwegian
hymj4,1,asrt,38.48435,2355,37,Mini-English
idyh6,1,asrt,37.92928333333333,2496,38,Mini-Norwegian
jlos1,1,asrt,35.1444,2476,55,Mini-English
jpxp4,1,asrt,38.805816666666665,2422,6,Mini-Norwegian
kixs9,1,asrt,41.3652,2388,48,Mini-Norwegian
ksjo8,1,asrt,36.94798333333333,2464,17,Mini-English
kvrn1,1,asrt,36.174733333333336,2457,44,Mini-Norwegian
kwly7,1,asrt,1237.6348833333334,9006,60,Mini-Norwegian
ltsl3,1,asrt,42.702016666666665,2878,18,Mini-Norwegian
mhbu4,1,asrt,2644.0018333333333,17538,59,Mini-English
monr7,1,asrt,36.96625,2405,45,Mini-English
mrbf1,1,asrt,34.896883333333335,2369,33,Mini-English
mtjw7,1,asrt,36.875616666666666,2557,57,Mini-English
mvse0,1,asrt,37.41076666666667,2479,52,Mini-Norwegian
noyy6,1,asrt,34.37753333333333,2382,25,Mini-English
pwck3,1,asrt,38.68986666666667,2299,50,Mini-Norwegian
qdvg4,1,asrt,39.03306666666667,2501,7,Mini-English
qgsl9,1,asrt,38.921366666666664,2541,4,Mini-Norwegian
qlhb2,1,asrt,36.42693333333333,2449,27,Mini-English
rlgy8,1,asrt,36.30466666666667,2343,28,Mini-Norwegian
rodf4,1,asrt,36.69963333333333,2411,58,Mini-Norwegian
rqed8,1,asrt,36.9201,2477,2,Mini-Norwegian
rsnb6,1,asrt,802.4112166666666,6214,65,Mini-English
rvax5,1,asrt,35.74811666666667,2381,16,Mini-Norwegian
sjnh6,1,asrt,35.66413333333333,2381,49,Mini-English
swbd5,1,asrt,37.38956666666667,2428,47,Mini-English
sxhv6,1,asrt,35.617866666666664,2445,53,Mini-English
trpu0,1,asrt,76.78541666666666,3485,51,Mini-English
uicn9,1,asrt,36.72473333333333,2317,35,Mini-English
usjs8,1,asrt,36.45118333333333,2386,29,Mini-English
uwfo3,1,asrt,35.89545,2454,61,Mini-English
uyxx3,1,asrt,35.41106666666666,2396,11,Mini-English
wbij5,1,asrt,36.1404,2587,20,Mini-Norwegian
wjob1,1,asrt,37.10541666666666,2442,22,Mini-Norwegian
xqls8,1,asrt,35.51023333333333,2426,3,Mini-English
ymoq6,1,asrt,36.940783333333336,2472,62,Mini-Norwegian
yozx4,1,asrt,37.881766666666664,2544,30,Mini-Norwegian
yzud1,1,asrt,40.0537,2585,42,Mini-Norwegian
zhao8,1,asrt,34.83363333333333,2382,26,Mini-Norwegian
zkmg5,1,asrt,39.928066666666666,2520,64,Mini-Norwegian
zllv8,1,asrt,36.348483333333334,2708,31,Mini-English
ztwr3,1,asrt,35.66513333333333,2372,21,Mini-English
zuff1,1,asrt,36.61018333333333,2527,36,Mini-Norwegian
zuwa4,1,asrt,35.473416666666665,2464,19,Mini-English
zygb0,1,asrt,37.283316666666664,2482,63,Mini-English
ahsw7,5,stroop,4.23645,237,24,Mini-Norwegian
awfh6,5,stroop,3.624633333333333,237,56,Mini-Norwegian
bder6,5,stroop,3.249833333333333,237,40,Mini-Norwegian
cgju5,5,stroop,3.262983333333333,237,34,Mini-Norwegian
chkk1,5,stroop,4.332916666666667,237,41,Mini-English
crar9,5,stroop,3.9693833333333335,233,10,Mini-Norwegian
dbrb5,5,stroop,3.2609666666666666,237,23,Mini-English
dzyb1,5,stroop,6.331433333333333,237,54,Mini-Norwegian
exdq7,5,stroop,5.377933333333333,237,9,Mini-English
ezje7,5,stroop,2.66105,237,13,Mini-English
finc3,5,stroop,3.6978333333333335,237,14,Mini-Norwegian
fkft1,5,stroop,4.84395,237,43,Mini-English
fqrf6,5,stroop,3.2965333333333335,229,12,Mini-Norwegian
fwma9,5,stroop,3.0351333333333335,237,39,Mini-English
gjop6,5,stroop,4.049566666666666,237,32,Mini-Norwegian
gxac7,5,stroop,7.820766666666667,237,15,Mini-English
hcqa8,5,stroop,4.6981166666666665,237,8,Mini-Norwegian
hymj4,5,stroop,3.8632666666666666,237,37,Mini-English
idyh6,5,stroop,3.8752833333333334,237,38,Mini-Norwegian
jlos1,5,stroop,3.6052,237,55,Mini-English
jpxp4,5,stroop,3.7007,237,6,Mini-Norwegian
kixs9,5,stroop,3.8666,237,48,Mini-Norwegian
ksjo8,5,stroop,2.6822833333333334,237,17,Mini-English
kvrn1,5,stroop,2.8903666666666665,237,44,Mini-Norwegian
kwly7,5,stroop,3.9936,237,60,Mini-Norwegian
ltsl3,5,stroop,2.9974333333333334,237,18,Mini-Norwegian
mrbf1,5,stroop,3.26105,237,33,Mini-English
mtjw7,5,stroop,3.1276333333333333,217,57,Mini-English
mvse0,5,stroop,2.9704333333333333,237,52,Mini-Norwegian
noyy6,5,stroop,4.04005,237,25,Mini-English
pson3,5,stroop,3.5074666666666667,237,5,Mini-English
pwck3,5,stroop,3.7904833333333334,237,50,Mini-Norwegian
qdvg4,5,stroop,4.59595,237,7,Mini-English
qlhb2,5,stroop,3.44115,237,27,Mini-English
rodf4,5,stroop,3.8000833333333333,237,58,Mini-Norwegian
rsnb6,5,stroop,3.5473166666666667,237,65,Mini-English
rvax5,5,stroop,3.0977333333333332,237,16,Mini-Norwegian
sjnh6,5,stroop,6.376783333333333,229,49,Mini-English
swbd5,5,stroop,3.41925,237,47,Mini-English
sxhv6,5,stroop,4.495566666666667,237,53,Mini-English
trpu0,5,stroop,5.29765,237,51,Mini-English
usjs8,5,stroop,4.320533333333334,237,29,Mini-English
uwfo3,5,stroop,4.291166666666666,237,61,Mini-English
uyxx3,5,stroop,3.0308,237,11,Mini-English
wjob1,5,stroop,3.3518166666666667,237,22,Mini-Norwegian
xqls8,5,stroop,15.956883333333334,237,3,Mini-English
ymoq6,5,stroop,3.430616666666667,237,62,Mini-Norwegian
yozx4,5,stroop,3.7965333333333335,237,30,Mini-Norwegian
yzud1,5,stroop,3.9872666666666667,237,42,Mini-Norwegian
zhao8,5,stroop,3.7264,237,26,Mini-Norwegian
zllv8,5,stroop,3.578333333333333,237,31,Mini-English
ztwr3,5,stroop,4.956383333333333,237,21,Mini-English
zuff1,5,stroop,3.3750833333333334,237,36,Mini-Norwegian
zuwa4,5,stroop,3.0877166666666667,237,19,Mini-English
ahsw7,5,digit_span,14.48765,582,24,Mini-Norwegian
awfh6,5,digit_span,13.497316666666666,583,56,Mini-Norwegian
bder6,5,digit_span,23.08285,583,40,Mini-Norwegian
cgju5,5,digit_span,10.003033333333333,583,34,Mini-Norwegian
chkk1,5,digit_span,14.316133333333333,588,41,Mini-English
crar9,5,digit_span,12.2129,586,10,Mini-Norwegian
dbrb5,5,digit_span,11.907366666666666,584,23,Mini-English
dzyb1,5,digit_span,12.413733333333333,587,54,Mini-Norwegian
exdq7,5,digit_span,10.965116666666667,585,9,Mini-English
ezje7,5,digit_span,9.009983333333333,584,13,Mini-English
finc3,5,digit_span,8.173033333333333,485,14,Mini-Norwegian
fkft1,5,digit_span,9.97585,583,43,Mini-English
fqrf6,5,digit_span,12.896216666666668,587,12,Mini-Norwegian
fwma9,5,digit_span,10.237133333333333,560,39,Mini-English
gjop6,5,digit_span,11.94485,586,32,Mini-Norwegian
gxac7,5,digit_span,12.915033333333334,587,15,Mini-English
hcqa8,5,digit_span,11.28545,587,8,Mini-Norwegian
hymj4,5,digit_span,11.629233333333334,584,37,Mini-English
idyh6,5,digit_span,11.289466666666666,584,38,Mini-Norwegian
jlos1,5,digit_span,11.169766666666666,586,55,Mini-English
jpxp4,5,digit_span,12.2865,585,6,Mini-Norwegian
kixs9,5,digit_span,15.432316666666667,584,48,Mini-Norwegian
ksjo8,5,digit_span,9.9023,585,17,Mini-English
kvrn1,5,digit_span,11.2218,580,44,Mini-Norwegian
kwly7,5,digit_span,9.696566666666667,583,60,Mini-Norwegian
ltsl3,5,digit_span,9.755216666666668,583,18,Mini-Norwegian
mrbf1,5,digit_span,10.297416666666667,585,33,Mini-English
mtjw7,5,digit_span,10.392916666666666,570,57,Mini-English
mvse0,5,digit_span,9.921066666666666,583,52,Mini-Norwegian
noyy6,5,digit_span,11.428816666666666,581,25,Mini-English
pson3,5,digit_span,1452.944,589,5,Mini-English
pwck3,5,digit_span,11.851366666666667,583,50,Mini-Norwegian
qdvg4,5,digit_span,14.933216666666667,584,7,Mini-English
qlhb2,5,digit_span,12.6804,585,27,Mini-English
rodf4,5,digit_span,9.365233333333334,559,58,Mini-Norwegian
rsnb6,5,digit_span,11.014416666666667,583,65,Mini-English
rvax5,5,digit_span,10.665916666666666,583,16,Mini-Norwegian
sjnh6,5,digit_span,11.5077,584,49,Mini-English
swbd5,5,digit_span,9.6385,583,47,Mini-English
sxhv6,5,digit_span,11.340783333333333,583,53,Mini-English
trpu0,5,digit_span,11.139183333333333,584,51,Mini-English
usjs8,5,digit_span,10.041933333333333,584,29,Mini-English
uwfo3,5,digit_span,11.572583333333334,585,61,Mini-English
uyxx3,5,digit_span,9.754666666666667,583,11,Mini-English
wjob1,5,digit_span,10.8216,583,22,Mini-Norwegian
xqls8,5,digit_span,15.813983333333333,577,3,Mini-English
ymoq6,5,digit_span,11.6247,583,62,Mini-Norwegian
yozx4,5,digit_span,13.979866666666666,597,30,Mini-Norwegian
yzud1,5,digit_span,13.938183333333333,584,42,Mini-Norwegian
zhao8,5,digit_span,9.507616666666667,583,26,Mini-Norwegian
zllv8,5,digit_span,11.3535,584,31,Mini-English
ztwr3,5,digit_span,11.412383333333333,587,21,Mini-English
zuff1,5,digit_span,9.550016666666666,581,36,Mini-Norwegian
zuwa4,5,digit_span,10.046483333333333,583,19,Mini-English
ahsw7,5,asrt,41.57425,2802,24,Mini-Norwegian
awfh6,5,asrt,1514.1747166666667,5850,56,Mini-Norwegian
bder6,5,asrt,39.39475,2989,40,Mini-Norwegian
cgju5,5,asrt,38.225,2404,34,Mini-Norwegian
chkk1,5,asrt,34.81503333333333,2401,41,Mini-English
crar9,5,asrt,35.62381666666667,2387,10,Mini-Norwegian
dbrb5,5,asrt,41.7665,2482,23,Mini-English
dzyb1,5,asrt,34.70648333333333,2389,54,Mini-Norwegian
exdq7,5,asrt,34.791466666666665,2439,9,Mini-English
ezje7,5,asrt,34.0378,2406,13,Mini-English
finc3,5,asrt,34.63491666666667,2468,14,Mini-Norwegian
fkft1,5,asrt,40.053916666666666,2362,43,Mini-English
fqrf6,5,asrt,35.741216666666666,2349,12,Mini-Norwegian
fwma9,5,asrt,33.90905,2440,39,Mini-English
gjop6,5,asrt,35.11253333333333,2440,32,Mini-Norwegian
gxac7,5,asrt,36.356566666666666,2421,15,Mini-English
hcqa8,5,asrt,37.80675,2442,8,Mini-Norwegian
hymj4,5,asrt,36.092483333333334,2389,37,Mini-English
idyh6,5,asrt,34.341566666666665,2475,38,Mini-Norwegian
jlos1,5,asrt,34.8112,2444,55,Mini-English
jpxp4,5,asrt,38.733333333333334,2393,6,Mini-Norwegian
kixs9,5,asrt,42.267966666666666,2399,48,Mini-Norwegian
ksjo8,5,asrt,34.01658333333334,2486,17,Mini-English
kvrn1,5,asrt,33.882333333333335,2495,44,Mini-Norwegian
kwly7,5,asrt,35.22615,2443,60,Mini-Norwegian
ltsl3,5,asrt,76.03145,2457,18,Mini-Norwegian
mrbf1,5,asrt,33.7853,2341,33,Mini-English
mtjw7,5,asrt,34.14511666666667,2328,57,Mini-English
mvse0,5,asrt,35.85188333333333,2584,52,Mini-Norwegian
noyy6,5,asrt,35.269333333333336,2427,25,Mini-English
pson3,5,asrt,36.33291666666667,2380,5,Mini-English
pwck3,5,asrt,38.42541666666666,2626,50,Mini-Norwegian
qdvg4,5,asrt,39.28456666666667,2627,7,Mini-English
qlhb2,5,asrt,34.71458333333333,2430,27,Mini-English
rodf4,5,asrt,35.59271666666667,2438,58,Mini-Norwegian
rsnb6,5,asrt,36.0398,2347,65,Mini-English
rvax5,5,asrt,34.36335,2403,16,Mini-Norwegian
sjnh6,5,asrt,33.961166666666664,2303,49,Mini-English
swbd5,5,asrt,34.46355,2428,47,Mini-English
sxhv6,5,asrt,35.307583333333334,2371,53,Mini-English
trpu0,5,asrt,36.56941666666667,2344,51,Mini-English
usjs8,5,asrt,36.18833333333333,2493,29,Mini-English
uwfo3,5,asrt,35.7458,2534,61,Mini-English
uyxx3,5,asrt,35.2879,2359,11,Mini-English
wjob1,5,asrt,35.339283333333334,2497,22,Mini-Norwegian
xqls8,5,asrt,36.09048333333333,2521,3,Mini-English
ymoq6,5,asrt,35.218333333333334,2533,62,Mini-Norwegian
yozx4,5,asrt,36.086216666666665,2440,30,Mini-Norwegian
yzud1,5,asrt,35.845616666666665,2687,42,Mini-Norwegian
zhao8,5,asrt,36.04266666666667,2362,26,Mini-Norwegian
zllv8,5,asrt,35.2186,2381,31,Mini-English
ztwr3,5,asrt,32.771116666666664,2396,21,Mini-English
zuff1,5,asrt,35.734,2515,36,Mini-Norwegian
zuwa4,5,asrt,34.7986,2496,19,Mini-English
